variant_id,gene,label,delta_norm
clinvar_438089,ABCA4,1,0.04314662143588066
clinvar_1214455,TPRN,0,0.057534389197826385
clinvar_251488,LDLR,1,0.04924716800451279
clinvar_3794715,SEZ6L,0,0.026647401973605156
clinvar_1499569,C2CD3,0,0.03435754030942917
clinvar_3310063,PRKDC,0,0.030511312186717987
clinvar_3768270,ALPL,1,0.033181559294462204
clinvar_2640516,CTNNA3,0,0.04290592670440674
clinvar_694465,CDC42BPB,1,0.035266246646642685
clinvar_239314,POLD1,0,0.0544656477868557
clinvar_555603,FANCA,1,0.12356355041265488
clinvar_210736,CLN8,1,0.15100327134132385
clinvar_1510689,ACP5,1,0.1733795404434204
clinvar_214785,NDUFS1,1,0.038205187767744064
clinvar_1756655,ANK2,0,0.03682044520974159
clinvar_3254657,COL4A5,1,0.056296154856681824
clinvar_1299640,SMCHD1,1,0.03911300376057625
clinvar_1347453,SDHB,1,0.20328807830810547
clinvar_8571,NR3C2,1,0.08448296040296555
clinvar_241461,FA2H,0,0.06997927278280258
clinvar_4063557,ATP7B,1,0.06123794615268707
clinvar_551460,MMUT,1,0.0376770980656147
clinvar_544363,TP63,1,0.06956388801336288
clinvar_527206,FBN1,1,0.022972166538238525
clinvar_389464,AHDC1,1,0.03822780027985573
clinvar_1652614,CA5A,0,0.4027268588542938
clinvar_1067934,FAS,1,0.09116663038730621
clinvar_2385500,HEYL,0,0.07275477796792984
clinvar_253292,SCN8A,1,0.04009963572025299
clinvar_3535052,KLHL18,0,0.06975296884775162
clinvar_721309,BCAN,0,0.02132870815694332
clinvar_2107928,USH2A,1,0.030673373490571976
clinvar_216319,MSH6,0,0.021492959931492805
clinvar_3894538,INF2,1,0.020872455090284348
clinvar_1349670,PALB2,0,0.029840849339962006
clinvar_237933,PMS2,1,0.05418146774172783
clinvar_499070,ABCB11,1,0.04374513775110245
clinvar_2655848,PCDHGA6,0,0.0518607422709465
clinvar_3585961,COL4A3,1,0.013564943335950375
clinvar_5113,SGSH,1,0.05265592038631439
clinvar_819409,BRCA2,0,0.06163859739899635
clinvar_207136,SCN8A,0,0.030744967982172966
clinvar_457240,FBN1,1,0.019802648574113846
clinvar_773377,PIGA,0,0.06048225611448288
clinvar_973463,TRMU,1,0.16779865324497223
clinvar_2661722,PLXNB3,0,0.034617528319358826
clinvar_130705,VLDLR,0,0.03325130045413971
clinvar_2197533,PC,0,0.03336609527468681
clinvar_334,NF1,1,0.06571941077709198
clinvar_66470,GFAP,1,0.11405913531780243
clinvar_294625,ASPM,0,0.06301804631948471
clinvar_845057,TSC2,0,0.034810181707143784
clinvar_4546829,LMF2,0,0.03748336806893349
clinvar_2056054,ABCA1,0,0.049924399703741074
clinvar_447489,HNF1A,1,0.20385251939296722
clinvar_1356234,ICOSLG,0,0.07336708158254623
clinvar_366565,TOPORS,0,0.04354749992489815
clinvar_1780893,MSH2,1,0.07171069830656052
clinvar_796538,CIITA,0,0.030917944386601448
clinvar_995947,BRCA2,1,0.07218693941831589
clinvar_922524,DSP,0,0.034049633890390396
clinvar_2315474,PRR22,0,0.10500303655862808
clinvar_3317553,SERPINA5,0,0.06207391992211342
clinvar_988401,AR,1,0.06470265984535217
clinvar_2384932,STOX2,0,0.02741679921746254
clinvar_4827762,FBN3,0,0.03146709129214287
clinvar_619014,CSNK2A1,1,0.10797343403100967
clinvar_376049,PIK3CA,1,0.023747052997350693
clinvar_236228,TELO2,1,0.133975550532341
clinvar_537104,POLD1,0,0.04524443298578262
clinvar_2505426,FGFR1,1,0.03353637456893921
clinvar_619064,MCM9,0,0.02716810442507267
clinvar_479655,DICER1,0,0.03748244419693947
clinvar_929426,CDKL5,1,0.04524143040180206
clinvar_3901479,NSD1,1,0.043712370097637177
clinvar_1902902,ADGRV1,0,0.04168130084872246
clinvar_872484,SLC6A1,1,0.04149017482995987
clinvar_1699164,FDXR,0,0.09483566880226135
clinvar_263204,AGRN,0,0.044618263840675354
clinvar_290392,CACNA1D,0,0.053892266005277634
clinvar_547301,FBN1,1,0.06435650587081909
clinvar_1338641,RPS19,1,0.7673891186714172
clinvar_726891,GEMIN4,0,0.0823996290564537
clinvar_4818221,STAR,1,0.03759884834289551
clinvar_200189,FBN1,1,0.03572232648730278
clinvar_2935889,IGHMBP2,1,0.0472329705953598
clinvar_2112541,TMEM67,1,0.042841918766498566
clinvar_4280405,CFB,1,0.03372853621840477
clinvar_3703996,KDM5C,0,0.03049396723508835
clinvar_419852,PHEX,1,0.051305413246154785
clinvar_1759395,TNXB,0,0.10015818476676941
clinvar_1315998,HNF1A,1,0.07122161239385605
clinvar_430454,SPAST,1,0.13620500266551971
clinvar_3251466,TGM1,1,0.04270115867257118
clinvar_99185,ABCA4,1,0.03225216642022133
clinvar_3029488,GPC4,0,0.04694833606481552
clinvar_236037,MYO15A,1,0.05098368972539902
clinvar_1515233,SUN2,0,0.03777681663632393
clinvar_551210,ASL,1,0.19032302498817444
clinvar_97228,OTC,1,0.1138262003660202
clinvar_2579690,TBX5,1,0.2586883306503296
clinvar_1722756,G6PD,1,0.1625298708677292
clinvar_3239712,SMN1,1,0.2010243535041809
clinvar_1685819,FBN1,1,0.05765383318066597
clinvar_9488,ABCA1,1,0.151961550116539
clinvar_2534506,PTPRS,0,0.05387138947844505
clinvar_4148474,PWWP2B,0,0.039075952023267746
clinvar_10879,PDHA1,1,0.1108795776963234
clinvar_1705787,NPC1,1,0.032422151416540146
clinvar_1253265,INSL3,0,0.1862873136997223
clinvar_648864,KCNQ2,1,0.07454538345336914
clinvar_1222775,GALM,0,0.08479113131761551
clinvar_3238962,ZNRF3,1,0.10173996537923813
clinvar_625119,FBN1,1,0.04014565795660019
clinvar_2930156,FLNC,0,0.03283069655299187
clinvar_4015131,DSPP,0,0.025650402531027794
clinvar_1167466,ANKZF1,0,0.026131683960556984
clinvar_3655593,KMT2D,0,0.06736279278993607
clinvar_643019,COL5A2,0,0.030046449974179268
clinvar_2658445,MTUS1,0,0.03214240074157715
clinvar_2048339,AKT2,0,0.07375450432300568
clinvar_1518588,HOGA1,1,0.14190508425235748
clinvar_2576974,SYNJ1,1,0.07818249613046646
clinvar_2202940,USH2A,1,0.042186543345451355
clinvar_4128899,ORC5,0,0.056462857872247696
clinvar_2646755,HYDIN,0,0.026980973780155182
clinvar_1313622,FBN2,0,0.03901638463139534
clinvar_2433277,L1CAM,0,0.04383690282702446
clinvar_4382538,GOLGA3,0,0.028233401477336884
clinvar_3306079,PHC2,0,0.03198294714093208
clinvar_403835,MEN1,0,0.04764196649193764
clinvar_801075,BRCA1,0,0.025818148627877235
clinvar_306802,GNPTAB,0,0.03686323016881943
clinvar_2071489,ZHX3,0,0.01588907651603222
clinvar_520232,FBN1,1,0.020229190587997437
clinvar_235409,CNGB1,0,0.0522003211081028
clinvar_1170042,CRB2,0,0.0294655654579401
clinvar_978637,GLDN,1,0.06621331721544266
clinvar_594332,ABCB11,1,0.05440450459718704
clinvar_2132509,ACVRL1,1,0.12848767638206482
clinvar_2367570,OR13C5,0,0.1056104525923729
clinvar_3431246,RBM20,0,0.025731680914759636
clinvar_3875818,MUC5B,0,0.02526077628135681
clinvar_3276987,F5,0,0.019594106823205948
clinvar_3384109,SLC26A4,1,0.026053262874484062
clinvar_3373126,MAPK1,1,0.12476509809494019
clinvar_490123,RAD51C,0,0.0878588855266571
clinvar_3767221,NDUFV1,1,0.042068079113960266
clinvar_657146,MTHFR,1,0.04413064196705818
clinvar_1176079,CIC,0,0.029690347611904144
clinvar_915416,SUMF1,1,0.1241680383682251
clinvar_2518773,UMODL1,0,0.024437593296170235
clinvar_135095,PTCH1,0,0.0399138405919075
clinvar_939451,DMD,0,0.029754940420389175
clinvar_215052,RARS2,0,0.041902072727680206
clinvar_1330343,ITGA2B,1,0.03610026836395264
clinvar_3510098,ERICH1,0,0.0369051992893219
clinvar_805194,PKD1,1,0.04699838161468506
clinvar_11416,FOXP3,1,0.058350298553705215
clinvar_3071879,LDLR,1,0.038512635976076126
clinvar_251622,LDLR,1,0.03734404593706131
clinvar_158553,EBP,1,0.15863630175590515
clinvar_14102,MYH7,1,0.04162158444523811
clinvar_4606789,ZC3H13,0,0.03502221032977104
clinvar_578268,TRPM4,0,0.03188308700919151
clinvar_4158557,S100A16,0,0.14525796473026276
clinvar_2661877,CLIC2,0,0.1147405281662941
clinvar_179668,DSP,0,0.09596523642539978
clinvar_522002,ITPR1,1,0.08307488262653351
clinvar_3696378,SETD2,0,0.03120395727455616
clinvar_459212,GLI3,0,0.04742967709898949
clinvar_2030048,GJB1,1,0.1187334805727005
clinvar_21026,PSEN1,1,0.16159971058368683
clinvar_839452,NEDD4L,0,0.03944190964102745
clinvar_4154060,ABHD10,0,0.03840596228837967
clinvar_4251715,EVX2,0,0.04718710854649544
clinvar_4090009,KBTBD6,0,0.04846547544002533
clinvar_2677397,OCA2,1,0.0772905945777893
clinvar_3253660,GJA8,1,0.09498827159404755
clinvar_192235,DRAM2,1,0.06162330508232117
clinvar_4533916,ARID2,0,0.03672020882368088
clinvar_183298,C19orf12,1,0.31833943724632263
clinvar_3913718,MSH6,0,0.04425080493092537
clinvar_159878,SETBP1,0,0.021833239123225212
clinvar_4292886,NSD1,1,0.06057465821504593
clinvar_1040041,VPS45,1,0.1291877031326294
clinvar_3839221,DEAF1,1,0.08808759599924088
clinvar_3605982,MYH9,0,0.023681918159127235
clinvar_517063,TTN,0,0.08471149951219559
clinvar_870621,RYR1,1,0.021506182849407196
clinvar_2160690,SPECC1L,0,0.02325860969722271
clinvar_1762638,BRCA2,0,0.03092406503856182
clinvar_1472021,FBN1,1,0.027106445282697678
clinvar_3765562,GRIK2,1,0.039850469678640366
clinvar_433794,BRCA2,0,0.03366468846797943
clinvar_1523103,LAMP2,1,0.08425148576498032
clinvar_1148518,SCN7A,0,0.03858078643679619
clinvar_569745,ALDH7A1,1,0.22131241858005524
clinvar_485334,BLM,0,0.04125500097870827
clinvar_373992,CNTNAP2,0,0.05231393501162529
clinvar_1439250,ZBTB20,0,0.06886431574821472
clinvar_2229652,TBL1X,0,0.08054792881011963
clinvar_551805,SGCB,1,0.049028266221284866
clinvar_36079,FBN1,1,0.06382129341363907
clinvar_230249,BRCA1,0,0.03341052308678627
clinvar_44739,GJB2,0,0.06313954293727875
clinvar_101371,COL3A1,1,0.0342135950922966
clinvar_1464790,SH3TC2,0,0.02261706069111824
clinvar_2003709,COL3A1,1,0.043438736349344254
clinvar_2897271,NOTCH1,0,0.025937408208847046
clinvar_238933,DNAH11,0,0.03825028985738754
clinvar_2729045,DNAH11,0,0.07851391285657883
clinvar_703012,ANOS1,0,0.027797881513834
clinvar_4090069,KCNA2,1,0.19419263303279877
clinvar_581439,MFN2,1,0.0490252822637558
clinvar_214853,NDUFV1,1,0.07967270910739899
clinvar_2572833,TBL1XR1,1,0.050776924937963486
clinvar_3513517,FBN1,1,0.019905196502804756
clinvar_66690,NEFL,1,0.07396577298641205
clinvar_1396046,NAA10,1,0.18207775056362152
clinvar_3380347,CFHR1,0,0.08111820369958878
clinvar_1071939,SCN1A,1,0.050903838127851486
clinvar_1959360,GBE1,1,0.03713067248463631
clinvar_40559,PTPN11,1,0.14603935182094574
clinvar_1296993,MTOR,1,0.08345050364732742
clinvar_637215,GJB1,1,0.11816240847110748
clinvar_871051,NMNAT1,1,0.0648149773478508
clinvar_365650,DBH,0,0.03206704929471016
clinvar_1474975,NAGS,1,0.05296323820948601
clinvar_3195571,ZNF407,0,0.026562072336673737
clinvar_940378,RS1,1,0.1728973686695099
clinvar_3544432,BBS12,1,0.0616663359105587
clinvar_2001011,COL4A1,1,0.023500358685851097
clinvar_98983,RS1,1,0.11334782093763351
clinvar_1343617,KAT6A,0,0.03979150205850601
clinvar_425149,RAC3,1,0.5135776400566101
clinvar_932011,SEC23B,1,0.046246644109487534
clinvar_3061850,MAP2K2,1,0.12229470163583755
clinvar_1251996,ATP1A3,1,0.08171649277210236
clinvar_846942,PALB2,0,0.04153992608189583
clinvar_667414,TECTA,1,0.04113047569990158
clinvar_3707326,ACSF3,1,0.13551786541938782
clinvar_2786465,KMT2D,0,0.03445784002542496
clinvar_2658239,KMT2C,0,0.0333031490445137
clinvar_444714,DNAH11,1,0.09697528183460236
clinvar_3442811,SLC16A7,0,0.05921376124024391
clinvar_475069,POT1,0,0.06873344630002975
clinvar_3769307,GAA,1,0.07555504143238068
clinvar_3376581,COL7A1,1,0.048254746943712234
clinvar_1327560,PAH,1,0.18034525215625763
clinvar_4165198,SIGLEC11,0,0.046886689960956573
clinvar_2573115,KLK2,0,0.18127284944057465
clinvar_3410300,OR10H4,0,0.047893643379211426
clinvar_4738420,KMT2D,0,0.07521917670965195
clinvar_803562,RPS19,1,0.2887866795063019
clinvar_3982633,XBP1,0,0.11592289805412292
clinvar_2498161,TYR,1,0.07373243570327759
clinvar_102528,PAH,1,0.022814130410552025
clinvar_774975,DOCK11,0,0.040488675236701965
clinvar_4532784,ATRX,1,0.04219363257288933
clinvar_2716754,ALX1,0,0.08987688273191452
clinvar_2785367,FAM111A,0,0.02904576249420643
clinvar_2397704,PKD2,0,0.05496123433113098
clinvar_1443520,COL4A5,1,0.027771294116973877
clinvar_801605,CACNA1S,1,0.025152049958705902
clinvar_227240,CEACAM16,0,0.042915619909763336
clinvar_496938,COL5A2,0,0.045434605330228806
clinvar_1403674,OCA2,1,0.05122899264097214
clinvar_25411,SLC22A5,1,0.1022159606218338
clinvar_768838,SREBF1,0,0.023118022829294205
clinvar_3295860,MRGPRX1,0,0.06908535212278366
clinvar_1676626,COL7A1,1,0.04276217520236969
clinvar_3891320,IDS,1,0.047041963785886765
clinvar_472987,HARS1,0,0.09453652799129486
clinvar_2310980,MED13,0,0.026045624166727066
clinvar_2692299,ABCA4,1,0.037520166486501694
clinvar_2156615,ABCD1,0,0.036637116223573685
clinvar_3281404,GIN1,0,0.03634503483772278
clinvar_41829,BRCA1,0,0.050441570580005646
clinvar_1199226,BCL11A,1,0.04248708486557007
clinvar_3599785,HBB,1,0.12205146253108978
clinvar_2827362,CDK13,0,0.04435831308364868
clinvar_246183,FIG4,1,0.05160466954112053
clinvar_628813,KCNQ1,0,0.03701319918036461
clinvar_4838071,SCLT1,0,0.06174036115407944
clinvar_2396328,FAM83E,0,0.08633903414011002
clinvar_413921,PHOX2B,0,0.09104760736227036
clinvar_958512,GARS1,1,0.05761406943202019
clinvar_2125980,COL2A1,1,0.060530222952365875
clinvar_258947,SPTA1,0,0.038375332951545715
clinvar_217334,GJA3,1,0.10728077590465546
clinvar_548007,GBE1,1,0.06602054089307785
clinvar_1804153,GABBR1,1,0.04335126280784607
clinvar_452700,NOTCH1,0,0.03146715462207794
clinvar_953601,AKAP9,0,0.02908417396247387
clinvar_694479,USP53,1,0.08164145797491074
clinvar_727505,COMT,0,0.07060788571834564
clinvar_1682597,SEPTIN9,0,0.10790755599737167
clinvar_3302693,OR2G6,0,0.1092405617237091
clinvar_805469,SLC12A3,1,0.03103698417544365
clinvar_974499,PKD1,1,0.04112519323825836
clinvar_4746214,FKRP,1,0.10396292805671692
clinvar_533568,FLNA,0,0.04473697766661644
clinvar_1953682,LAMA5,0,0.026837704703211784
clinvar_2672710,RECQL5,0,0.03777403384447098
clinvar_1905649,NLRP1,0,0.03780437633395195
clinvar_549761,BRCA1,0,0.06700249016284943
clinvar_782398,FMO1,0,0.03479443117976189
clinvar_837104,CHD7,0,0.04197074472904205
clinvar_2098880,CLCN7,1,0.07803867757320404
clinvar_630086,BRCA2,0,0.03641486167907715
clinvar_802884,GNPTAB,1,0.017042554914951324
clinvar_2019337,STXBP1,1,0.08853413909673691
clinvar_2952527,FBN1,1,0.04446724057197571
clinvar_143827,CDKL5,1,0.10196896642446518
clinvar_241246,FANCL,0,0.03971482068300247
clinvar_3255486,SERPING1,1,0.07849075645208359
clinvar_3025636,CDH11,0,0.02868681028485298
clinvar_229298,TECTA,0,0.049377650022506714
clinvar_412126,DICER1,0,0.03918716683983803
clinvar_779657,ABCG5,0,0.03199995309114456
clinvar_1048245,GALNS,1,0.025176508352160454
clinvar_375721,HUWE1,1,0.07754866033792496
clinvar_1404789,SLC45A2,1,0.12567442655563354
clinvar_3290999,LMTK2,0,0.027244966477155685
clinvar_232813,BRCA1,0,0.03719937801361084
clinvar_285260,SGCB,1,0.07370485365390778
clinvar_1804059,SOX11,1,0.1842762529850006
clinvar_1806944,TARDBP,1,0.11636294424533844
clinvar_1801970,THOC2,1,0.058991458266973495
clinvar_691322,COL1A1,1,0.0810922235250473
clinvar_526731,NTRK1,0,0.052584271878004074
clinvar_981033,MTHFR,1,0.07257482409477234
clinvar_1338436,RPS19,1,0.3746463656425476
clinvar_141584,BRCA2,0,0.018374405801296234
clinvar_289541,PEX5,0,0.03850239887833595
clinvar_1448424,AKAP9,0,0.04376092925667763
clinvar_3265746,CELSR1,0,0.030613787472248077
clinvar_1983490,KMT2B,0,0.0360918790102005
clinvar_3340582,GNAO1,1,0.12160222977399826
clinvar_4383843,DDX11,0,0.03671899437904358
clinvar_404094,HCN1,0,0.050685297697782516
clinvar_12679,TIMP3,1,0.1747785210609436
clinvar_769061,ZNF587,0,0.07131168246269226
clinvar_9102,ABCC8,1,0.014804983511567116
clinvar_42078,BLM,1,0.06677832454442978
clinvar_627361,RASGRP2,1,0.11715151369571686
clinvar_2636939,LDLR,1,0.045759961009025574
clinvar_412,RNASET2,1,0.19851712882518768
clinvar_158533,EBP,1,0.16860920190811157
clinvar_193859,SCN9A,0,0.0345359668135643
clinvar_2489131,HPSE,0,0.05885729193687439
clinvar_3585933,COL4A4,1,0.04101010039448738
clinvar_711978,TAAR1,0,0.11229576170444489
clinvar_182033,BARD1,0,0.05767529830336571
clinvar_725287,ADAMTS18,0,0.051475897431373596
clinvar_547446,KMT2D,0,0.05908168852329254
clinvar_2525729,MFGE8,0,0.04106913134455681
clinvar_3065273,COMP,1,0.03615229204297066
clinvar_1471003,ADGRV1,0,0.03913559019565582
clinvar_881647,LRRK2,0,0.033685509115457535
clinvar_251385,LDLR,1,0.048281218856573105
clinvar_525394,CCDC39,0,0.029743734747171402
clinvar_4234587,CRYBB1,0,0.12067242711782455
clinvar_549957,COL4A4,1,0.06485844403505325
clinvar_2499486,WFS1,1,0.017383672297000885
clinvar_537708,CPLANE1,1,0.048918526619672775
clinvar_1496488,SGCA,1,0.07857087254524231
clinvar_1070571,RYR2,1,0.06651625037193298
clinvar_2447883,TSC1,1,0.04076867923140526
clinvar_135976,MET,0,0.021520597860217094
clinvar_4547657,LRRC18,0,0.05569547787308693
clinvar_1804017,NPRL2,1,0.15384751558303833
clinvar_942959,SDHA,0,0.06934843212366104
clinvar_1502533,COL4A5,1,0.026200920343399048
clinvar_3069170,ATP6V1C1,1,0.11524144560098648
clinvar_2734636,IDUA,1,0.10498140752315521
clinvar_1414351,SLC1A2,0,0.04671574756503105
clinvar_1334403,ATP2B1,1,0.02657407335937023
clinvar_166914,CNTNAP2,0,0.03188907355070114
clinvar_3431731,RDM1,0,0.08833060413599014
clinvar_2068303,ALMS1,0,0.05743526667356491
clinvar_2506413,ITGA2B,1,0.0626133382320404
clinvar_43564,SLC26A4,1,0.03260461986064911
clinvar_3870431,MAPK15,0,0.06054750457406044
clinvar_392722,SLC52A3,1,0.07754110544919968
clinvar_4845385,DNM1,1,0.07919283956289291
clinvar_431947,ABCA4,1,0.061057478189468384
clinvar_1496810,LRRC56,0,0.08806905150413513
clinvar_15794,HBA1,0,0.30772021412849426
clinvar_12108,C7,1,0.027816185727715492
clinvar_577106,MEGF10,1,0.0643053725361824
clinvar_3068521,IGF1R,1,0.041270140558481216
clinvar_1037668,NMNAT1,1,0.08854086697101593
clinvar_2138033,G6PC1,1,0.09889154881238937
clinvar_447971,PKD1,1,0.026988107711076736
clinvar_694734,DNM2,1,0.072257861495018
clinvar_2326782,MGME1,0,0.03219979256391525
clinvar_164726,MYO7A,0,0.01263950951397419
clinvar_181944,ATM,0,0.03608940914273262
clinvar_3437627,SBNO2,0,0.03150210902094841
clinvar_142283,STK11,0,0.0655980110168457
clinvar_3160594,SETD1A,0,0.03544611483812332
clinvar_529315,COL3A1,1,0.035309530794620514
clinvar_2138678,PLP1,1,0.11556468158960342
clinvar_973301,MED13L,1,0.07865961641073227
clinvar_3898744,TGFBR1,1,0.09067971259355545
clinvar_2517424,PZP,0,0.028218377381563187
clinvar_433187,COL4A5,1,0.05578044429421425
clinvar_738572,FOCAD,0,0.0388866662979126
clinvar_803543,JAK3,1,0.06278889626264572
clinvar_3024812,GRIA2,0,0.0380496047437191
clinvar_2644938,OR4M2,0,0.06808363646268845
clinvar_2683883,KIF5A,1,0.020540017634630203
clinvar_1505055,LAMA2,1,0.05895208194851875
clinvar_934477,RYR2,0,0.020220501348376274
clinvar_1270887,VPS13C,0,0.025071972981095314
clinvar_138445,NDUFA2,0,0.1516326516866684
clinvar_405263,KCNQ1,1,0.07498037815093994
clinvar_4705094,ABCD1,1,0.02712719887495041
clinvar_1335824,TMPRSS3,1,0.04383307322859764
clinvar_203671,DLD,0,0.08758910000324249
clinvar_1488779,PKHD1,1,0.060321323573589325
clinvar_987057,SURF1,1,0.07933851331472397
clinvar_826630,HOXB13,0,0.10255564749240875
clinvar_1320625,NALCN,1,0.035379573702812195
clinvar_788278,PALM2AKAP2,0,0.027642732486128807
clinvar_126203,BRCA2,1,0.05991997942328453
clinvar_2174451,SACS,0,0.02988334745168686
clinvar_2675194,AGXT,1,0.10011731833219528
clinvar_1527883,ATP1A3,1,0.05057816207408905
clinvar_870987,KMT2D,0,0.029779281467199326
clinvar_4610818,ZNF584,0,0.05960596352815628
clinvar_795138,CCDC168,0,0.03983890265226364
clinvar_1416548,ALPK3,0,0.02787233144044876
clinvar_3108223,IFNA10,0,0.08676346391439438
clinvar_411975,VHL,0,0.16112947463989258
clinvar_3390145,PRKCG,1,0.05877997726202011
clinvar_4590013,ATF6,0,0.03577687591314316
clinvar_376774,CCDC88C,0,0.055597059428691864
clinvar_3580840,RPGRIP1L,1,0.03951899707317352
clinvar_803492,MYO5B,1,0.03469926118850708
clinvar_3343912,IRF2BPL,1,0.06096376106142998
clinvar_1163753,SOD1,1,0.2630468010902405
clinvar_807574,COL4A5,1,0.06060117483139038
clinvar_578843,SH3TC2,0,0.03549782931804657
clinvar_3172512,SWT1,0,0.09686427563428879
clinvar_1722603,G6PD,1,0.02726675011217594
clinvar_737834,CUL7,0,0.027519134804606438
clinvar_2395251,COX5A,0,0.09111951291561127
clinvar_1202065,AFF2,0,0.032228585332632065
clinvar_1683603,COL1A2,1,0.02657904289662838
clinvar_403597,USB1,0,0.09714749455451965
clinvar_298689,COL17A1,0,0.03970930352807045
clinvar_231059,ATM,1,0.05499207228422165
clinvar_830057,CPT2,1,0.05057360604405403
clinvar_2212469,RAD54B,0,0.019246267154812813
clinvar_2321056,ANKZF1,0,0.025991147384047508
clinvar_4102,TMC1,1,0.06162139028310776
clinvar_190489,AKAP9,0,0.03136221319437027
clinvar_962310,EGFR,0,0.06427381187677383
clinvar_201748,DMD,0,0.01839401200413704
clinvar_410870,DNAH11,1,0.04395947605371475
clinvar_216496,MET,0,0.01685996912419796
clinvar_438520,PHEX,1,0.07515769451856613
clinvar_1368927,MYBPC3,1,0.040078241378068924
clinvar_251582,LDLR,1,0.054689470678567886
clinvar_206529,POLG,1,0.04863010719418526
clinvar_24945,RET,0,0.03806860372424126
clinvar_482497,APC,0,0.05067599192261696
clinvar_3842381,DPYSL4,0,0.06188170984387398
clinvar_2655715,KDM3B,0,0.06296472996473312
clinvar_435558,KCNJ11,1,0.17185211181640625
clinvar_382059,RANBP2,0,0.047719404101371765
clinvar_3235701,SCN8A,1,0.06285719573497772
clinvar_4245726,DYNC1H1,1,0.06410448253154755
clinvar_553250,HEXA,1,0.08763813972473145
clinvar_2252716,KIR3DL2,0,0.058613453060388565
clinvar_1988278,RAI1,0,0.03597094118595123
clinvar_3235919,NIPBL,1,0.03195899352431297
clinvar_1798675,CTRC,1,0.11864219605922699
clinvar_4084155,TCEAL2,0,0.11812042444944382
clinvar_1341826,KMT2B,0,0.04206979274749756
clinvar_207535,TCF4,0,0.04380276799201965
clinvar_728566,CCDC88C,0,0.0480295829474926
clinvar_402249,CDH23,1,0.054903335869312286
clinvar_475764,ACD,0,0.07193855196237564
clinvar_351242,HARS1,0,0.09290920197963715
clinvar_866188,BEST1,1,0.06270997226238251
clinvar_215387,WFS1,0,0.022086750715970993
clinvar_488564,NFU1,1,0.1142946258187294
clinvar_235889,CHD7,1,0.07985246926546097
clinvar_3340419,ATP1A3,1,0.051852285861968994
clinvar_2202902,PCDH15,0,0.03867102414369583
clinvar_477747,MYPN,0,0.0684138610959053
clinvar_3611223,PPM1D,0,0.054473940283060074
clinvar_2922738,SETX,0,0.05339372530579567
clinvar_165576,TPRN,0,0.03978913277387619
clinvar_2203375,COL7A1,1,0.04456765577197075
clinvar_624355,TYRP1,1,0.0766201913356781
